x,y,z,color
-0.925529505634926,0.3702658576772393,0.6213245001334657,-1.1824315228481237
-0.8940426554219726,1.0838018947567163,-1.4479818414690802,4.247882261655635
0.8163722271027131,1.7458916717528166,-1.5775260918914022,2.1864913898161444
0.801520873275162,1.4644497728191224,-0.4020332035102435,0.9298343075031447
0.10018691828785978,1.6131222957228994,1.994968633376943,-3.2419479364736117
0.10041309857915885,1.3175667334214347,1.9949458325123697,-3.242175263119256
0.8538675368512327,1.384553129035705,1.5204903740816047,-4.164963832539967
-0.3046169255015452,1.6983913031306386,-1.9524749491183409,3.4511288684590844
0.815149091054792,0.4993360177183719,-0.4207487942588757,0.9529865341803313
0.9248172102869388,0.978849927286281,-1.3804117868272276,1.9610378454526416
0.981240118822388,0.44241888363920445,1.1927895983019463,-4.518384692212027
-0.9600563017467111,1.975336015993294,-1.279806893189621,4.428796018204761
0.008394480761471519,1.8881186793732265,-1.9999647657256456,3.133198074235786
-0.4172821973615953,0.0788536227370118,1.9087769626069306,-2.7111400098547027
-0.14237813783939554,1.411150345031377,1.9898123387114277,-2.9987290367335926
-0.1570969937474489,1.8504966348313316,1.9875831785503002,-2.983842198012336
-0.9626483365413946,0.36115069025466706,1.2707548340364136,-1.8449733942045956
0.23121259993824417,1.135890461105259,-0.027096750118596136,0.2333238712348091
-0.5983202644282114,1.8309765951760837,0.1987429493760724,-0.6414030884223583
-0.9222936526684942,0.06789195717159768,1.386489868233835,-1.9676189983123684
0.86949978433048,1.3948405344936798,-0.5060666795515323,1.0541886970277397
0.253307424906974,0.5946980147451015,1.967385832275312,-3.3976903168486907
-0.9255940924002909,1.8487923907530608,1.378517603439631,-1.9589905355132493
-0.9519403629372373,1.9421164903307355,0.6937165603384327,-1.2595099540434591
-0.40230266811925186,1.8885329782268678,0.08449327516171079,-0.41403064456753075
0.43844927927020466,0.9484284333149275,-1.8987559343378146,2.687720115878094
-0.30609148597439334,1.7240853019786269,1.9520021020008242,-2.8305079189551146
0.13375436010400735,1.6890987970701408,-0.008985483883728662,0.1341564214445357
0.7649648743776284,0.6382009464865113,-0.3559280001673576,0.870986791864982
0.9056929726409256,1.6578309483013547,1.423934239368376,-4.274604154312613
0.8487338332944387,0.07401526943098524,-0.471179727864629,1.0135863499948832
-0.036347667679270196,1.192539756964106,1.9993392052022563,-3.1052369776771926
0.8178700230123908,0.4600176745754061,1.5754030113387585,-4.0992921605040875
-0.8861889439989108,0.24113377155455762,-1.4633240286603915,4.230646518413337
-0.947998064443644,0.1539064032584183,-1.3182760905426365,4.388478523149346
0.23285866620812892,1.3925775517562795,-1.972510586868735,2.906576529687745
-0.9635904953086316,0.6797499275361323,1.2673824178042867,-1.8414718421326146
0.6053920452906995,1.449533543057523,1.795927428537768,-3.7918509929155686
0.986326377402435,0.13071268159788474,-1.1648037537199607,1.7363553679176171
-0.5346127573209836,0.6305806756612207,0.15490284599363657,-0.564049458010013
0.4083201553046092,1.0789825847506744,1.912838786846845,-3.5622057142484205
-0.04544089843945331,1.581446329677927,0.0010329711401805275,-0.0454565512861104
0.9479363906338168,0.6375050058641398,1.318459729498302,-4.388284804474527
-0.6564938270911308,1.2517827528740182,-1.7543313959999547,3.857753904405366
-0.763133111193115,1.7719554964723743,1.6462413284530144,-2.273445113112545
0.999237259748668,1.2317263763646091,-0.960950048271822,1.5317364437133034
-0.9793076012568726,0.46591894950726753,1.2023774249280543,-1.7745813003295023
0.18801100516526092,0.04880156311307604,-0.017833078373768352,0.18913664371288452
0.42615117551076953,1.7401977478018598,-0.09534803619801424,0.4402340112959232
-0.17057764049458526,0.042538821700774276,1.9853442386107,-2.970176781997679
-0.9591941380466384,1.7494033453683988,-1.2827483077526127,4.4257308504715045
0.5214307944739451,1.057874268054424,-1.8532935758426115,2.5930657698980872
-0.841788150924971,1.8781353970257924,-1.5398080297312355,4.142179938235639
-0.5476620794981637,1.5975664715473308,-1.8366996155608935,3.7211601106194734
0.7972257170352435,1.995868221066675,-0.39631866345095446,0.9226855626585044
-0.7409462835720764,0.7014236309034203,-1.6715642968925075,3.9760709924623128
0.6719022139864217,1.5343765778622538,1.7406398685192048,-3.87836679735242
-0.2727965472737991,0.8038618272184843,1.9620717456590717,-2.8652940179682327
0.9105196617280138,0.9597512406078177,1.4134657731985847,-4.2861318246353015
-0.9971567682215072,1.2550109264367402,1.075355023654959,-1.6462228490372635
-0.8670208187097717,1.7473542283726775,0.5017280863586255,-1.049191826667684
-0.8341600428714968,1.9681669383985902,1.5515224590863208,-2.1549846060459656
0.043301079558414696,1.5365468277290364,-1.9990620683966918,3.098278031133326
-0.9757382676276142,0.8355335643346675,0.7810597499611769,-1.3500680895317911
-0.880515704385654,0.8427140045541404,1.4740169768375764,-2.064643605063512
0.3916287804603141,1.475164603177783,-0.0798766939615283,0.4024011035610368
0.24024360408679768,0.47755429153660467,1.9707126303367986,-3.384209450704041
0.2892595305085145,0.22094822626278932,-1.9572507111566926,2.8481394440217214
0.763149604834913,0.7092443152815531,1.646221850946187,-4.009765716870414
-0.9923727544356699,0.5744779833081635,-1.1232733395903658,4.588801269459074
0.5444608042421902,0.5926162409119802,-1.8387862854410217,2.565846501601881
-0.2974826535947077,0.4672155020998199,1.9547272232476933,-2.8395378046021547
0.9986459788286214,0.08418637927272377,1.0520212357544942,-4.660344252621375
0.1676433847087709,0.03574786946682762,-1.9858477040412414,2.9731539183739475
0.929113431886422,1.975444779472063,-1.369794849461475,1.9495845353183152
0.832303827455541,0.8555462674717247,-1.5543197081133386,2.158341710210907
0.5521409116880981,0.7686532943193634,-1.8337508102786084,2.55666278485597
0.7662226580394521,1.3592945653861397,1.6425751616013156,-4.014534578608391
-0.9720778714199114,0.43650777573012833,0.7653414994172718,-1.3339290823094903
0.46067554616333883,1.8999223679004507,1.8875686120898538,-3.620348821837172
-0.27690966267979,1.572690028831104,-1.9608959562380126,3.422169165672152
0.9176227961324234,0.17882200462451903,-0.6025476078596168,1.1620574683285156
-0.9997366088638484,0.8351615515698567,1.0229502265220338,-1.5937485684913233
0.8258866854754671,1.7582366151243294,1.5638361311182063,-4.113365641386114
-0.9778945146326159,1.8894640445828206,1.2090988241273504,-1.7814496484900237
-0.9970514048982226,0.9348030224997395,1.0767365362163324,-1.6476083737372322
0.8291611469181026,1.2268227784214154,-1.559009653263212,2.1639872492570698
0.9626021222714132,0.33406789218415045,-0.7290809083903993,1.2964486243677777
-0.48625731256352656,1.982337252273953,-1.873815670481193,3.6493941223624295
-0.2588854742741945,0.4633434027668868,0.03409197580213397,-0.2618681609719881
0.4292363569020633,1.8854635482702513,1.9031921998741157,-3.585239767030551
0.9051820618453227,1.299293297984737,-1.4250240403947174,2.0097847708682393
0.6317056370293594,1.2154735897577182,-1.7752083514419406,2.457841178702706
0.545951161744233,1.0253770220330172,-0.16218299791056856,0.577523981150699
0.5545209133852919,0.4613396234355174,-1.8321697883354946,2.553805505727577
-0.05844180794734245,0.3530560640110165,0.0017091831115314537,-0.058475126644607536
0.21261646267436704,0.4409724181403507,-0.0228642674633992,0.21425186934534818
-0.6310529502156006,0.37287652428850904,0.22426024078677864,-0.6829098132341345
0.9714401860365001,1.5591689471335066,1.237284565350067,-4.472819354864938
0.5260451574939241,0.7002505183334602,1.8504566375055185,-3.6955362371022353
0.9564487428716133,0.11568535312679273,1.2919003293237443,-4.416175883799428
0.9596170802143771,1.9382052602816227,-0.7186904563282046,1.2856378376983646
-0.984047621934306,1.7675717699268514,1.1779052494038251,-1.74965365810049
0.08068904634387097,1.855504566390426,-0.003260677107541521,0.08077686119765151
-0.6439353151819955,1.9898156452928706,-1.7650799369095127,3.8412235210071293
-0.7023742697155686,0.3477904984389746,1.711807828870631,-2.3628650733113035
-0.7477195387559572,0.7924840378053175,0.33598532293135364,-0.8446210518823701
0.6691615424240993,1.5164769514081826,-1.7431169693531432,2.4085127383900473
-0.5526791594989756,1.3920412361075845,1.83339411244351,-2.556017072794781
0.7481554474371105,0.3077918126797101,1.6635234935329548,-3.986870422808267
-0.9168217891623588,1.6316662499812356,1.3992966402527465,-1.9815458728621023
0.05129896560195597,0.4488811436733213,1.9986833412689777,-3.1929141454662795
-0.7884052915754761,0.44763522964524616,-1.6151561559602476,4.049804963592625
0.2353964796195262,1.0739488457868271,-1.9718994276069588,2.9039661625826128
0.951261408423637,1.1858798696834063,-0.6916143115449771,1.2573007842432837
-0.3516573353899497,1.1601724156756223,-1.9361287937385754,3.500933583695588
0.27592387223491044,0.18297367479550974,-1.9611794924627204,2.862041897659838
-0.18648685773599535,1.7549217252607607,1.9824574555123262,-2.9540076012561336
-0.5296507312680804,0.5312000851774121,-1.8482158350721754,3.6997813972700424
0.36235362343260974,0.25902984256560835,-0.06795930797778016,0.3707918945338822
0.24162241168363155,1.7774961597379544,-1.970370346915128,2.897555198645775
-0.5575901226475821,1.9113029964595067,-1.8301164105870058,3.733072553971433
-0.9895808345457756,1.7242552345309012,1.14397837302764,-1.71527683802179
0.5086201273370667,1.6190321494497562,1.860991037158707,-3.6751740275559865
-0.5458824492491468,1.3104839612780435,1.8378617735651583,-2.5641506839750114
-0.6342150994546695,1.1017147412182786,0.22684334858729716,-0.6869929072670026
0.14387306626237406,0.17397351982282028,-1.9895961503584494,2.9972185570655463
-0.2553532007948413,0.8169064261413974,-1.9668478385163972,3.3998056508498693
0.9978541828399652,0.745377034024628,1.0654754136205742,-4.646866693773932
0.101117824248043,0.5195075675206524,-0.005125542784748194,0.10129094047076145
-0.7021289226957019,1.4468402273771699,0.28795015910810495,-0.7783829573254394
-0.4990658696658617,0.9917514701575416,1.866564052874718,-2.6190721833454087
0.42692706814348946,0.16209243181529587,1.904286060097359,-3.5826845080786702
-0.9991858324340583,0.44036640389962267,0.9596555795300274,-1.5304409537184005
-0.8587027663949769,1.3665175273191918,-1.5124739593243872,4.174325616045602
-0.995445553320684,0.15226171898060037,1.095331790993757,-1.6662731098194319
0.17617315565049474,1.7024138280975374,-0.01564080782056665,0.1770974376760307
0.9418802872980407,0.9902930540279486,-1.3359486931055995,1.9134086094136167
-0.9595109246077684,0.961173154653296,0.7183285858338739,-1.285260717996987
-0.9648438811156165,1.1848155693190352,-1.2628236767754268,4.446441375514387
-0.9380192922568505,1.6493619318502983,-1.346583045393102,4.358463073387827
-0.7188842624365666,0.6956184158043861,1.6951297844439077,-2.3393967477778816
-0.025929314638648844,1.3560323051181271,0.0003362212011630561,-0.025932221024632416
-0.953581906596164,1.1314639279915821,1.3011337699634908,-1.8766777171500577
-0.8973651984847956,0.5340565403388426,1.4412886816454094,-2.0278305666412786
0.94017548914374,1.757259972710316,1.3406905481714002,-4.364737691917629
0.858644624657531,1.5948520432138562,-0.48742863077740317,1.0326195201801074
0.025246516349067674,1.316903669316851,-0.0003187440927802099,0.025249199083762972
0.8845929759019191,1.7011634581884838,1.4663638783021118,-4.227213180155861
-0.8700899219267607,1.7345884019196047,1.4928930185765301,-2.086207925401161
-0.6489645449782099,1.4167259534300696,-1.7608186507711447,3.8478153241925024
-0.6342370516959343,1.674026656727344,1.7731386436183674,-2.454571352986364
0.20375741666866212,1.3949429233385673,1.9790214068918581,-3.346786983270832
-0.09924176207709011,1.3602815435206008,0.004936648921369358,-0.09940539248297545
-0.9908688278929674,1.2372227564303686,-1.1348293955709106,4.57714769653923
-0.6522286840383054,1.5054332791152825,1.7580222580621632,-2.4310717921550524
0.9986719543180667,0.3172102105861474,-1.0515201674932575,1.622339313455897
0.6255886754740095,1.7617415183978569,-1.7801530677493196,2.4657067846550604
-0.6201114521377592,1.743687055490464,1.784513726411208,-2.4727078931137574
0.8364121810970933,0.05849456606911829,-1.5481009608752783,2.1508884126843157
-0.9477523112022974,1.6516335011295253,0.6809928580569024,-1.2461146167895523
0.948019452588464,0.2577397349468904,-0.6817876219977151,1.246953076259655
0.9516268199133953,0.6702377085182838,-0.692743762274029,1.2584878750871902
0.3308163056348955,1.4870165125832155,-0.05630483103595396,0.337168454021271
0.6592608345370602,0.3215197920966164,1.7519143249370228,-3.8614279454929674
-0.018557851663823243,1.6359340482381244,-1.9998277882423672,3.160151570620422
-0.9930093230410595,1.6642683559154838,1.1180359451757678,-1.6891080937849041
-0.1860095254573578,1.0149354675216724,1.9825479410385676,-2.9544934342926092
0.9270623508743738,0.01277174343366716,1.3749071853022818,-4.328092324912099
0.7556499032095114,0.5740762663498256,-0.34502425710606965,0.8566458077500048
0.9947301317696716,1.2338538367514844,-1.1025278740123474,1.6735046841092227
0.9878043031539433,1.962372356054847,1.1557005416514419,-4.556052375888418
0.11372779193956872,1.2636270540333367,-0.00648805274392894,0.1139743893373626
-0.5344662140763575,0.5196071621283196,1.8451898402198674,-2.5777165900917884
0.9795517533930984,1.2680114061992227,-0.7988076481957961,1.3682213155543754
-0.07250487380815797,1.079970759431711,1.9973680580778908,-3.0690241032003875
0.9739507288014163,1.5596907903022872,-1.226759735992063,1.7995457859472768
-0.875994662006015,0.21396127765391681,0.5176792020480895,-1.067494211920871
-0.8274158763303965,1.522055805004056,-1.5615896790330126,4.116083172653035
0.27125046176075235,1.0825331573522206,1.9625087983985283,-3.4162846168533356
-0.9973452842819394,1.9259840077179893,0.9271825301141438,-1.497914351846181
0.48059544259685016,0.6837443320773722,1.8769424271610637,-3.6429262382654897
-0.7585274650337681,1.2652437862678962,-1.6516410705207627,4.0026430536312025
-0.40295836366402327,1.864056211020035,-1.9152183111985974,3.5563396214760385
-0.7580031969420082,0.2050194559813585,1.6522508362782642,-2.281346412329911
0.9980172758013018,1.8744569744729023,-0.9370594153018236,1.5078141111376444
0.15126102540229763,1.3757714446016267,-1.9884938554155234,2.9897488011231905
0.49710175621530517,0.1356741182103438,-0.13230774812283863,0.5202553925791953
0.2758271391598569,0.6019271338936325,-0.038792743835706966,0.27945011741375547
-0.6507773590760275,1.4163441772905632,1.7592686144666003,-2.432984839344528
0.6390968310016322,0.1347012029375434,1.7691262839116026,-3.8349160662810218
-0.5663560265633344,1.1643409203525465,-1.824160694995455,3.7436703212288185
-0.5909682861314004,0.6917661139059135,-1.806694790355631,3.7738512802470505
0.9503789260874204,1.2418310355349542,-0.6889053249428374,1.254451681055383
-0.9985591535672971,0.0914840676250257,0.9463379386627461,-1.5171084776646477
-0.9888262950714,1.7430736123047526,0.8509276746831638,-1.421166277885633
0.8478994655620771,1.9469779383547938,-1.5301570487124962,2.1295821023269155
-0.5655362876923391,1.937755710571383,-1.8247234126076255,3.7426760259964476
-0.4852166714019835,1.4993036634858494,-1.8743939511419208,3.648203600326903
0.48278120871313696,0.26017248026126394,-1.875741003101649,2.6377648763572332
0.9731671831831785,1.5165263918580452,-0.7699008179603458,1.3386167284067263
0.7017107442586807,0.04917383291760302,1.7124619508380277,-3.9193884926794462
0.04746374516744301,0.04424710305799451,1.9988729613392686,-3.1890742379582786
-0.5767069929240384,0.6472204382990825,-1.8169510660452761,3.7562847322023405
0.8431258824773792,0.9772863808093315,-0.4622837678693895,1.0030702558651126
0.9962456256939617,1.5408148356155864,1.086571665605132,-4.625708811004221
0.5765088549856349,1.3665907532130104,1.8170909007712375,-3.756042219535645
0.9995551645673766,0.8918054127534967,-0.9701759662908456,1.540967870036408
0.9988623654631598,0.5472533325633318,1.0476862124868507,-4.664684676504262
0.055188094780957306,1.9942490003154223,1.9984759757723007,-3.1968088014707794
0.44332537235721575,0.8523626044719459,-0.10363923879704773,0.459305143966978
0.9718648580604369,0.902774048659351,-1.235539163765109,1.8085696299915783
0.9904110496053659,0.32724764238333837,-0.8618480806517785,1.4322011294508659
-0.5166144329516917,1.5896190974998587,1.8562181542492557,-2.598700535303838
0.9094047420281738,1.3873644515629773,-1.4159122686056167,1.9997420490894637
-0.6172351067151682,0.4415392255775208,1.7867787637184387,-2.476369009332202
-0.9972058201440284,0.1647620912316854,1.0747030941184892,-1.6455690767322149
0.7300983681492961,1.3609986041494262,-1.683342061361464,2.3231267624754306
0.9871411911088979,1.3090224285622705,-0.8401492295417179,1.4102568491462182
-0.14920126710786802,0.5465190539964186,-1.988806847616564,3.291353102610246
0.99636161994206,1.9017271245008207,-0.9147736994441621,1.485466513685394
0.6002338227260946,0.30211578356180047,-0.20017542044794645,0.6437934192470907
0.6349412250166615,0.8646696020852038,1.7725604447383656,-3.829525093078295
-0.9479545518054692,1.8872318403351978,0.6815943346746293,-1.2467491838835272
-0.8008283670579165,0.8394546338522446,1.5988939192506058,-2.212915550314106
-0.6659390538023743,1.277051895328171,1.7460061505247784,-2.412840766809522
-0.9678221368378355,0.7951887959255886,-1.2516352746469503,4.458019451642147
-0.8455156780928177,0.5484304046973401,0.46604940481422563,-1.0075302085168165
-0.5255479721228364,1.9679552959196565,-1.8507639678533492,3.6949517328288137
0.9444616207384077,0.818668012630086,-0.6713782615952193,1.2359524321045816
0.3551378983717049,1.7881984073582688,-1.9348139243400948,2.7785310762050197
0.024851458244500198,0.45990921178217237,-0.0003088451811120718,0.024854016978311504
0.6629872544224729,0.4262094080501666,-0.25136931636931203,0.7248020369240604
-0.07046064107028824,0.06226816576902272,0.0024854396752075347,-0.07051907439170002
-0.26608129485598647,1.30333365075177,1.9639505923685932,-2.872267171990915
0.8649400264084349,0.7370526874475223,-1.5018752342132213,2.0965617932431653
-0.879790282894228,1.728716499679274,1.4753620284844955,-2.06617180685896
0.9738546938224159,0.9464198133831143,1.2271718189389884,-4.483216395866715
0.980115770385658,1.9363868558294435,-0.8015734981376529,1.3710440883683968
-0.0982736267005557,0.3710510314062423,1.9951594315963246,-3.0431601524922436
-0.8466359054662496,1.7372463359112216,-1.5321725693563544,4.151224358441027
-0.9072014399780338,1.5531937055834835,-1.4206965026022702,4.278176048297392
-0.6949943969283917,1.541843689288104,-1.7190151516054033,3.910004761657711
-0.9403730614152502,1.6895664562337753,0.6598551700164914,-1.2237254202301384
0.9894081221119062,1.5220479818859978,1.1451604901444992,-4.566713801575356
-0.7803433591223824,1.2524406432628308,-1.6253512947724635,4.0368073488652145
-0.6263393509177008,0.26248975536477515,0.22044947726783393,-0.6768484561728585
-0.9510220051528401,0.06505235898250383,-1.3091231885754795,4.3981180538096
-0.9417924530843567,1.8416956956313737,-1.3361948472439007,4.3695153422431945
-0.18438203705527792,1.233300629041476,-1.9828546507044398,3.327035735831975
-0.9335954477014894,1.5930745819523526,1.3583288155187294,-1.9372735518342967
-0.8833342589804354,0.9630447030251001,0.5312563740044189,-1.0829283951149167
-0.16700626945271388,0.23461637792478895,-1.9859558336779024,3.30938516292999
-0.9880619411222327,0.2503715844051009,1.154057133900919,-1.7254694509049644
-0.026632027483559785,1.3711305744579427,1.9996453046516622,-3.114957476907338
0.5101328876628776,0.8606117897989254,-0.13990440245009161,0.5353392865613357
-0.8243592032416354,0.40104945340067344,-1.566067049059399,4.110661902994875
0.9619509813668612,0.9831890934828738,-1.2732220881395437,1.847537307356388
0.6133624876019657,0.12841787415026817,-0.21019846872601688,0.6603109717639618
0.6091032922816049,1.1639428038287976,1.7930909023130388,-3.7965221035891075
0.8837974987548414,0.5379868088701953,-0.5321303801327915,1.0839175755235426
-0.9956095987293346,1.5951182012743763,-1.0936030283592006,4.618648726052841
0.24792286096966537,0.6207239178471475,1.9687797763210253,-3.3921282409274163
0.17189492444686372,0.9104402981636024,-0.014884709818486774,0.17275290362631035
-0.4032491903725775,0.02324107981620127,-1.915090208921427,3.5566574112944322
0.7658755340956516,0.14489377558911776,-1.6429888539264894,2.269190762254733
0.9593706241019684,0.7849871128133696,-1.282148906803127,1.8568296136568498
0.9435618557154922,0.959877669434247,-1.3311963532992726,1.9083675321682834
-0.9697646817502805,1.2000410962386074,0.7559580732132752,-1.324264701277129
-0.9306706270381161,0.5833251574186065,1.3658581473310112,-1.9453510370990568
0.22401521520215656,1.389963772253085,-1.974585647010016,2.9156602000720446
0.21710013557476415,1.7202447943784092,-1.976149338540686,2.922749887511719
-0.3126507866195656,1.5597019777866996,-1.9498681411786412,3.4595750981622775
-0.6839094062634449,0.07923765069671429,-1.7295669427985223,3.894700452230391
0.10669610752698895,0.9610138945156579,-0.005708322151598555,0.10689959080682226
0.01429025433318331,0.20986035683634974,-0.00010211089777123483,0.014290740749950528
0.32425760616839283,0.48409003172505494,-1.945968818112914,2.81136582852982
0.9876351045043986,1.973325186534293,-0.8432297848742126,1.413376749704626
0.9451650752330398,0.28499108580302646,-1.3265929891466168,1.9034929735838169
0.34647659179302703,0.9977763069027121,-1.9380586182853863,2.7877802318585077
-0.5090847495451515,1.2363114686362382,-1.8607163979967796,3.6757137501445274
-0.9990349405884645,1.404929941088208,0.9560774831845537,-1.5268596752435455
-0.9217630599013648,1.1192973669738282,0.6122463908597715,-1.1726030459030559
0.632701983230374,0.01954169483836732,1.7743953773211405,-3.8266300650621137
0.672641632678085,0.6529226164879838,-0.2600315993313226,0.73777294762666
0.9431714690083067,1.0354232867694229,1.3323064550211334,-4.373641030445216
-0.318579986507977,0.1757329982896667,0.05210401826119271,-0.3242310405119773
0.39118257564222714,0.7012538624183615,-0.07968690517090149,0.4019162133370291
-0.9043231475997799,0.06640621758273313,1.426848503236484,-2.011801302474773
0.7552813628197064,0.1571569943100415,-0.34459931112547104,0.8560833123156348
0.9589676456630021,0.7938465524031921,1.283515527919652,-4.424930896961179
0.9386855953435383,0.2654315080861207,1.3447743509812569,-4.3603905941864385
0.10098158407994244,1.1350816965231163,-1.9948882950747313,3.0404386542369926
-0.9681347636269858,1.3789299382745315,0.7495702105241464,-1.3176721615364326
0.36467077702119094,1.6011733982181657,1.9311365229582398,-3.514871861059147
0.20810563080445627,0.4003004884896202,-0.02189364257894766,0.20963778714018214
0.5621336307381615,0.3349651645181395,-1.827046420216624,2.5446292887936046
-0.44687486857769554,0.2091356806688005,1.894596474302055,-2.67832371696184
0.916089007192123,1.2728604990872734,-0.5990250245941147,1.1582154480873759
0.6935573633138984,1.4129514529738023,1.7204014046301361,-3.908008073303889
0.8836992288132692,0.06317228965128407,1.4680552029353302,-4.2253002337401675
0.2912282028587255,1.8724244924873796,-0.04334638773499788,0.2955104405715251
0.3736834549906795,0.10394256730294482,-0.07244370765638763,0.38297699858411544
0.9622756958110504,1.082592670602141,-0.7279237510340921,1.2952463067910038
0.847220958029303,1.4181210389018328,-1.5312406688836142,2.1308606191902952
-0.9742132659051713,1.7419382474921712,-1.2256291482375006,4.4848001911047755
0.1530235758696971,1.4281738642648556,-0.011777461687879187,0.15362716342197016
-0.9952214292655003,1.6034561661395836,1.0976437746645158,-1.6685959319202224
0.3518327416882234,0.6789003850856121,-1.9360628835052418,2.7820643427794556
-0.8314639463977582,1.6296502274930245,1.555578712551755,-2.1598551476243375
-0.5439865154071226,0.16022969276935028,0.16090604158102984,-0.5751808091105873
0.7388501050656118,1.7896333121210553,1.673869811049979,-3.9729550066283834
0.9715929136227486,1.0951847523074725,1.2366584251575639,-4.473463852553566
-0.9386745579650003,1.6345955399249874,-1.3448043999562813,4.360358582241401
-0.02494279441513949,0.9046365690366003,-1.9996888801055877,3.1665380350600776
0.962093998275891,1.28715539039305,-1.2727180567573584,1.8470133784711609
-0.7566004417594523,1.0528053218722264,0.34612251030533125,-0.8580982828773338
-0.06242354951143093,1.4631790435106637,1.9980497484927262,-3.0791284918544677
0.09626264183099645,0.16325996406117915,1.9953559683790103,-3.238004588370299
-0.70872367906692,0.1207041679811276,1.705486177561155,-2.3539052289239555
0.4474843857297505,0.4942064680202929,-0.10570825536178197,0.46395038460442806
0.8996964968957297,0.3190893602263767,-1.4365159945220247,2.022518922734517
0.9981418064619089,1.7435671331844034,-0.9390661490388376,1.5098247054623433
-0.8760063742777398,0.43842797471608863,1.4822995254245732,-2.074074157976281
-0.91088004240835,1.9517305116382626,-1.412671235176578,4.2870042723136494
0.7829955027680833,0.6737915835422137,-1.6220273648682642,2.242125617409268
0.49016136769596585,0.36423583137739857,-0.1283682924431786,0.5122748761879508
0.8688839308969377,1.5793970142849583,-0.5049841268917878,1.0529432268702317
-0.6872899545553172,1.3174155510017522,0.27361682400584875,-0.7577515596777996
-0.6918248326143822,0.996391432906278,1.7220653716791037,-2.37757941033459
-0.9773226825003138,1.1107271018752625,0.7882445413445246,-1.357425523996239
0.6529329482592348,1.4384035565445277,-1.7574157148340028,2.430142339174693
0.9908129032461668,0.45690948266259745,1.1352397528868716,-4.5767335459683816
0.4589717164135312,1.9926678321134839,1.8884508785140668,-3.6184301162867984
0.9074739639283823,1.9495863242935663,1.4201083250687958,-4.278824293720911
0.9272259982980701,1.3006513726938738,1.3745022671228404,-4.328529061920327
-0.20703608169806126,0.39908490185829026,-1.9783333076590583,3.350137078109153
0.9398403105900643,1.3604564848625826,-1.3416140960059633,1.9194301046223166
-0.24100954699708466,0.1443968179583517,0.029477255157685622,-0.2434059264288407
0.6041757566575664,0.06130500441161213,1.7968510871343888,-3.79032373927076
-0.0789363101300253,0.5153657770224274,0.0031203387855400777,-0.07901851541921655
-0.2474259245184496,0.9252459134786326,0.03109318720725751,-0.25002267008556284
-0.061553902984656,1.736545010816761,1.998103760651845,-3.0799998140927336
-0.5838261967830229,1.454338139532616,0.18812133175586454,-0.6234335184031942
-0.8172197770764962,1.485413042399962,0.42367384585198464,-0.9565703423740692
0.887486271662995,0.8509866688961507,-0.5391658458732504,1.0918614508755013
0.9560521738097453,0.6918699850939258,-0.7068034090347219,1.2732276633372424
0.910220456099922,0.7420775259692054,1.4141240409554243,-4.285408747550644
-0.9252705570755813,1.9752991274721157,0.6206922144101923,-1.181748266226931
0.9269506205546757,0.08021838282496496,-0.6248166487525045,1.1862017597678267
0.02955423668062313,1.7340629922448971,-0.000436821859555625,0.02955854074488445
-0.21651653404781138,1.1573508171447868,-1.976278951162998,3.359837598469876
0.997178011514444,0.8772308383791809,-0.9249266135564715,1.4956522417966875
0.03516827595083789,1.450515320830273,1.9993814048533451,-3.1767681829770456
0.7868582996801002,0.9733378828494057,1.6171337101670442,-4.0472942051660175
0.974001318850915,1.7468464761633211,-0.7734576620658334,1.3422700744275662
0.9689462537217455,1.801403728022517,1.2472714245492083,-4.462525765080899
0.7231939680381053,0.8434418537469108,-0.30935502275532334,0.8084158079583196
-0.8454886670879017,0.5536555944701032,-1.5339933649643256,4.149072277046123
0.6528398219684972,1.1847006571867245,-0.24250401528975685,0.7113273682517719
-0.8693935279604514,1.824726691233382,0.5058796770618723,-1.0539736148399856
0.9758239196890717,0.42132437801133316,-0.7814418206457234,1.3504596432133988
-0.3833837670540906,1.2459331671269656,0.07641086669481933,-0.39345723762137985
0.4168054563368586,1.263120440185041,-0.09100428407619932,0.42992811058588365
-0.851644586294576,1.466226044830562,-1.5241197369257722,4.160707800212263
-0.878855215313739,0.2631353702545196,0.5229114227778646,-1.0734573490450303
-0.9338485193100086,1.4316499293641771,-1.357668761541324,4.34661866164243
-0.6278183434359529,1.818065041331282,-1.7783598959641587,3.820339796691229
-0.27105764849937436,0.35936621774048394,1.9625631154319128,-2.867101008308502
0.7938301280136154,0.4750866498477553,1.6081395628125892,-4.0586741205661365
0.581837395050197,1.9427901880832792,1.81330513690816,-3.762578694072333
0.985289468445709,0.36195390541897954,1.17089371951588,-4.540652319578982
0.6293312581582123,1.7087701867391583,1.7771371613203177,-3.8222850453024084
0.9881651287745713,0.9845557128960696,-1.1533938664808179,1.7247982047659955
0.7832393305175883,0.4944621488063541,1.6217203158417457,-4.041451775319764
-0.9908584593712626,1.7414998025450228,1.1349055725031696,-1.7061144899695266
-0.10856616604284673,0.890610510005331,-1.9940892251658082,3.2503732300384014
0.9760428290305141,1.0296347078593804,1.2175784821578426,-4.493056153357236
0.1768617621534639,0.7184667387995314,-1.9842357019982417,2.9637956240607912
-0.8845938228457082,1.1859017028698549,1.4663622718265445,-2.0559703109627327
0.44136479802141076,0.32704774517004553,1.8973277634552044,-3.598711717277991
0.9601081023829185,0.7821630733035214,-1.2796290967311363,1.8542041001882879
0.9374591315140535,1.938824644670575,-0.6519046441836425,1.2152577005299137
-0.4041023389254275,0.5162668654022551,-1.914713780193017,3.5575899138970097
0.7992824546397072,1.3134733290825844,-1.6009555372114683,2.2154923928579158
0.2776550013380159,0.6503801284493897,-1.9606808524333075,2.860240384204907
-0.885382828609724,1.5469462513732013,1.4648626106744274,-2.0542757566396284
-0.10135762019510788,0.26174732143669965,1.9948500554497568,-3.0400606788005846
0.702998031254397,1.9396420901570894,-1.7111917941402601,2.361988387908453
0.24715529460525887,0.9075790827672785,-1.9689758822326735,2.891849288244529
-0.9959987160513556,0.4721009266929279,-1.0893675423408926,4.622902051972001
-0.7335692144712502,0.14699349466002531,0.32038525061617973,-0.823558992806017
-0.9342681768460226,0.3395158101750815,0.6434288658166383,-1.2062011243972546
0.5110980977801581,1.0395478971120353,-1.8595223874021571,2.6051307804721833
-0.9975225886670912,0.6740063528625726,0.9296531088184765,-1.500391285255867
-0.7945095489276286,1.657766731765219,-1.6072516584273906,4.0597921487884365
-0.23417311904831856,0.8617750473236119,-1.9721949137468175,3.3779606044287225
-0.6203709082099333,0.4974285451752598,0.21569142791450857,-0.669215525878921
0.7012779394400915,1.23428997320806,-1.7128879657103626,2.364404110715985
0.6761928178173037,1.4135544337708916,-1.736724692902508,2.3990100697442096
0.5637150678813652,0.3340838158018997,1.8259693228222873,-3.7404694141505197
-0.6070786616143992,0.3352384325766353,-1.7946417423043355,3.7939717629172325
0.04948222900835832,0.07334285386708594,-0.0012249958011743,0.04950244408831634
0.06475817438513674,1.472804030131281,-1.9979009864963078,3.0767891317008598
-0.9921731835229015,1.3276090552436102,1.1248694273953028,-1.6959925542383472
-0.5531377529864232,0.9492617514996278,-1.8330898068162464,3.7277186069033417
-0.8645476553810918,1.6883408979383943,0.4974491552339635,-1.0442495763565047
0.9947879928595728,1.6113403059001064,1.1019649413397694,-4.610246521566674
-0.6280481815785699,1.1707087287935043,-1.7781744544868148,3.820635117049408
0.652167134933984,1.7365425610265173,1.7580752127012191,-3.8520323208988603
-0.991283191961182,0.4116824200735365,1.1317483712812055,-1.7029288462494467
-0.891271514335375,0.22383923879545575,-1.4534700516399373,4.241734108040941
-0.8935897583765241,0.5394992230339792,-1.4488845550078386,4.246872307422248
0.6381829482747049,0.1141737121786297,-0.23011525243618092,0.6921357894697943
0.9466047862531218,1.062339056002064,-0.6776036931931732,1.2425364516672008
-0.46699510056199983,1.873211384589923,0.11574009700140331,-0.48588950823770116
-0.9293506390515284,0.0786870813370193,1.369198306733002,-1.948942561424589
-0.9990320554348275,0.2442198280200536,1.0439880917256446,-1.614798616696018
0.998479524067492,0.9043980565668706,-1.0551238606952995,1.625948142660832
0.691106401973435,1.8677500350558098,-1.7227530291540347,2.37857390290379
0.3834462662276004,0.632312209953501,-1.9235631872893766,2.7480677451295885
0.40044823643696636,1.0144696173767849,-1.9163193820576554,2.7295866892490706
0.6527426212562988,0.0831457181007842,1.757579745238385,-3.8527917104837317
-0.05256315479668932,0.2966864019241777,0.0013823981333899171,-0.05258738926691871
0.8564317452172259,1.9732602459176938,1.516260269422485,-4.169910447530607
0.4500298085950471,1.930237392872091,-0.10698646629745567,0.46679871854628274
-0.5235923508592767,0.009879961868819231,0.14803107443894636,-0.5510620420334318
-0.49029934711168704,1.903623570846478,-1.8715541005708443,3.6540258369585272
-0.9863025724772861,1.2782398756310007,0.8350538405276204,-1.4050929039807483
0.45062532337586964,1.7358365890400442,1.8927131778641968,-3.609058344024763
0.22128454481201557,0.9094797112677182,1.9752092853471706,-3.36472412679978
0.6263896766919607,1.0311920571585005,-1.7795100852033545,2.46467963831771
0.8975490984912777,0.9776931605138404,-0.5590854779013346,1.1141789977079362
0.5791923218735864,1.3337285150922087,1.815190931182802,-3.759330211128596
0.701933365093455,0.2793025095126258,1.7122426208593378,-3.9197010077613585
0.9481943693196928,0.059947179745355905,-1.3176907899049484,1.8940894409708782
0.7739283797977976,0.6158598831823818,1.6332731345506106,-4.026613801644117
0.1079224545396145,1.4093615254732934,-1.9941593151030397,3.033459593251675
0.9312416323935858,0.4037069042458967,-1.3644022805868943,1.9437871970845375
0.7202080300362469,1.3468648666498346,1.6937581664177428,-3.94569478545545
0.69701036258572,1.9398240922145409,1.717061053501111,-3.912812362432519
-0.9920826714151182,0.18780143157883677,-1.1255865163058625,4.586469974295978
-0.9264877189368964,1.3452042364502526,0.6236749986260459,-1.1849698331827891
-0.938813476735182,0.8875004386091423,0.6555740197075721,-1.2191690413764131
0.19232044321679354,1.7362845087550107,-1.9813321798050323,2.9480664676267097
-0.8789356077523672,0.3542995788947718,-1.476940454800153,4.21521853511285
-0.9913089501226701,1.385251904452329,-1.1315544199435716,4.580452115228266
0.6842388955664754,1.6762305792962204,-1.7292579336517155,2.3880331361682137
-0.9192715845192041,1.8892284389480465,0.6063761263648357,-1.1662259311446936
0.7059904047256726,1.3664960565792916,1.7082213978942467,-3.925413265934629
0.5051402874564743,0.9943495280168546,-1.8630372471616683,2.61204814512811
0.5230683282233943,1.2356944804024277,-0.1477092491352594,0.5504470857252862
-0.6550061331793658,1.7378099689574364,0.24437643929174968,-0.7141907371604838
-0.6351534696194568,1.1412194932776594,-1.772385959239528,3.8297998529028607
0.499294864332992,0.06077411939367372,1.8664321314740695,-3.6643773998526314
-0.06945080134973271,1.8618973910139556,0.0024146221040126647,-0.06950675454248334
0.9942803635247869,1.3790535020631223,1.1068014920729934,-4.605383399406314
-0.29109048961835626,1.353026771554493,0.04330447536651161,-0.29536649063842013
0.8624803808658339,0.43135030479543435,1.5060904984501549,-4.181743108619386
0.43583322625977217,1.3177709404653144,1.9000274434082542,-3.5925565017968237
0.44675732344857055,0.787728811308317,1.8946551815895716,-3.6047301999478885
0.986496696323755,1.3024659540829842,-0.8362188406979696,1.4062739669032165
0.7329676759217196,0.21318606061598144,-1.680263468116518,2.3189183554609243
0.7073428705246103,1.315690609206072,-0.29312938700353053,0.7857320999042695
-0.9371186978835299,1.9988274515413331,-1.349010810831237,4.35587364893548
-0.9243456267732735,0.09642407772111206,0.6184437626441887,-1.1793170043488386
-0.9009598736624237,1.9543483684426346,1.433902415354178,-2.0196160064699695
-0.32628639760409617,0.8138159214457412,-1.9452709594283228,3.4739649397188326
-0.5111693771470168,1.7415069006745183,1.8594799985265107,-2.6050478493868034
-0.9405265432730106,1.564770968116547,-1.3397202104657917,4.365769580651498
0.9934459510987711,1.1340325219733356,1.1143028531816161,-4.59783575520338
-0.959974442925114,1.476898418502653,-1.2800876093843088,4.428503610186331
0.918402521083457,1.7570311226026958,1.3956473294078329,-4.305616393444153
-0.5182849784443545,0.808280643302066,-1.855207975359757,3.686436997488292
0.2581210137012173,0.6540663231264774,-0.03388740703484461,0.2610768024054273
-0.9978026131633668,1.3351867711271694,-1.0662566612828963,4.646083745900352
0.7677230088701309,1.6156918838825172,1.640781851843038,-4.016872743486012
0.4860503828299126,1.5245702695532315,-0.12606921020546746,0.5075646727185743
-0.9584390184875535,1.595627297717269,-1.2852974725450876,4.42307219463607
0.21597672396085954,0.871166629625866,-0.023601487758643347,0.2176920526761041
0.9389458017842621,1.6356684323500432,-0.6559349170408175,1.2195534328507944
0.9626714729286191,0.24041811074121688,-1.2706725608728062,1.8448879297917198
-0.4154526465597532,1.088978195921699,0.09038519225636132,-0.42844037089673354
0.9328363883287359,0.011517320996243141,-0.639699746586545,1.2022065818943366
0.7136140263021589,0.6491716598005406,-0.2994609065406687,0.79464366879027
-0.5965796750726158,0.7329230697427958,-1.8025538556945895,3.7808251760615645
0.9096639606649626,0.7923453832185108,1.4153450116076192,-4.284066936545774
-0.8806437998288487,1.3909344133797243,1.4737789546012008,-2.064373303328369
-0.8927604608728701,0.7771162025406915,-1.4505316409555058,4.245028228402179
-0.5111797351406518,0.8973872452450613,-1.8594738381018545,3.678149509301572
-0.4058651537947048,0.4750882617486549,0.08606702820436518,-0.4179252590541609
0.9053584442056801,0.7465035832586802,-0.5753518073681811,1.1322230601298955
-0.8641504494510867,0.45453925452630295,1.503233544900859,-2.098132920291972
-0.20082874997414793,0.14639184753688728,1.9796263640714358,-2.939388820265808
-0.3354986153716983,1.2068971867627558,0.05795930072863986,-0.3421344730624308
-0.982253866610915,1.3364255971100325,0.8124437643587747,-1.3821226892959908
0.7092546066748991,1.238980692019229,-0.29504758819446963,0.7884402792557572
0.743416827583147,0.9269880876011447,1.6688283938845672,-3.9797572871286917
-0.9710225839707297,0.7595715603584596,-1.238987743239705,4.471065727995515
-0.9915669912612074,1.7266672991436505,-1.1295951459013671,4.582428308860633
0.956267366866686,1.038163570272436,-1.2924939709906087,1.8676301549615786
0.3336758607474885,0.9583637552594619,-0.05731213015419434,0.3402002379839234
-0.9749358951362683,0.051284131612871375,1.2224859554552672,-1.7951599241598268
0.18310533593950318,0.6824956552523127,-1.9830932997180286,2.957448385933243
0.9855417700930887,0.7603912375717141,-1.1694326397179167,1.7410502837528867
0.03815851447764733,0.797645561793801,1.9992716986750196,-3.179760434399187
-0.6678413842415716,1.1603447384546646,-1.7443036245339005,3.872897471898579
0.10157527123287494,1.067205093453757,-1.994827856603326,3.0398418986296027
-0.8901488174904236,1.2158101855868892,-1.4556699273820914,4.239264309549704
0.8490774165347128,1.5297665230842565,-1.5282684362431072,2.127356247974314
0.8766781099007381,1.625971477432187,-0.5189225721145616,1.0689130390719732
-0.6965236912308765,1.4362461524529888,0.2824662045909513,-0.7705412297075972
-0.8056531524715009,1.9110473919098694,-1.5923875403084813,4.078369872912063
-0.30360904579244646,0.03646516535272326,-1.952796697786574,3.450070877996966
0.9105532446799453,0.3915559713670922,1.413391810033561,-4.286213054952575
0.9692817291102455,0.01512574995628424,1.2459531044997252,-4.4638861002508206
-0.9185138979046288,1.294949428309206,0.6046113059835356,-1.1643053371954106
0.21305087291813682,1.7960610978999738,-1.9770411073996939,2.9268961875961415
-0.9928182508060899,0.48696459315259855,-1.1196324406937181,4.5924693243764985
0.15255253525029586,1.8540690895926133,1.9882953627275133,-3.2947431801847094
0.7752817753990333,0.1205347805791217,-0.36838447712700817,0.8871610914822591
-0.901220305239415,1.8688720536110286,0.566638763357663,-1.1225772293500687
-0.9600682882872459,0.7032453744792688,-1.2797657624249217,4.428838859971287
-0.08270764732538256,0.20284165689843303,-1.9965738532963324,3.2243948867315804
-0.04706287535617918,0.9717435183726513,-1.9988919289709015,3.1886729196571832
-0.2907972745545375,0.5135531354410159,0.04321530890609826,-0.2950600175856928
-0.7193091104203466,0.5697458039238457,0.3053098506051136,-0.8028072770553408
-0.844700105072035,0.6145799298525731,1.5352398831283907,-2.135588034533681
0.8621357021980851,1.6060517956653269,1.506677442753686,-4.181062442021604
-0.29153844883087476,1.078322553350509,-1.956559111008456,3.437427413528063
0.19138213602734117,0.6226153983120073,-1.9815156025298897,2.9490225347516534
-0.9999964598965823,1.2206675666218367,-1.0026608634506984,4.7097281137940765
-0.9994976901306261,1.4323013484463871,-1.0316917563972565,4.680691916560357
0.4989887842601351,0.5452480014670675,-0.13339155717094908,0.5224315172914997
0.5699508120893974,0.827098203050703,-1.8216788130398864,2.535146662317598
-0.8675354531162015,0.2437721866738951,-1.497375348792506,4.191818248701415
-0.15315125757406045,0.36229869906936063,-1.988202758700604,3.2953490216969885
-0.6892146654445261,1.3622357079299656,1.7245572061170809,-2.3811880424372585
-0.44941515250381037,0.3628766953912539,0.10667697852345881,-0.46611054356022313
0.34618117594306147,1.0503267673341203,1.9381676787348194,-3.495090171039017
-0.9076863474633297,1.4180925234448654,-1.4196492519100679,4.279330114772703
0.8418340694125619,0.21375384618948767,-0.46026358324059147,1.0006723547653995
-0.5514582839802874,1.134624439257807,1.8342024700452022,-2.5574813061871744
0.9988747208418767,0.5131255674027275,-1.0474267020049137,1.6182408262373371
0.8971755160985405,1.9258537504751596,-0.5583258063761054,1.1133324372120423
-0.9727440458961034,0.9670912934398495,0.7681185191230668,-1.336784889099517
0.4799004463670967,1.6119850995503162,1.877322951698325,-3.642133888143589
0.9989309855067453,1.1004530843125235,-1.0462264663858556,1.6170392724817917
0.19022916814686666,0.08682506570963833,-0.018260287252190643,0.19139557191196752
0.5438786602685898,1.2663027511880447,-1.839163871305506,2.566540376742216
0.18889475852141857,1.902806684413314,-0.01800266283297136,0.19003652089226414
-0.17670699803141682,1.2032236402926624,-1.9842634997025566,3.319232442392871
0.46992907807323825,1.6383777188535804,-0.11729582442290643,0.4892104300949808
0.5432697661378569,1.7684129266968156,-0.16044180594760538,0.5743268511007003
-0.3970348887397815,0.45615954389786495,-1.9178035177113832,3.549876573178757
-0.7892904493684805,0.4240896798164533,0.3859799787175485,-0.90965255535803
0.3028984903751065,1.2219619777019834,1.9530228247678445,-3.449325208875617
0.9634312809711626,0.8220569396134094,1.2679555314716693,-4.441118647014774
0.6720551607369051,1.6797226057334407,-1.7405010877283655,2.4046119842439064
0.9060653909502104,1.8000462467960223,-0.5768623068997016,1.1338908080661856
0.9384744910070001,0.7068427586054362,-1.3453485626568498,1.9234065006204881
-0.42262849939317443,0.4737411179489641,1.9063030130705036,-2.705249044561777
0.2816616659132272,1.5610510304877236,1.9595137862245573,-3.4271181027969027
0.9906192066404043,0.5496120710962722,1.136651335284863,-4.575308735951277
-0.9868069280012755,1.6452286370273568,0.8380985273424433,-1.4081790828243357
0.7495978093776429,0.8474765072975257,-0.33810641023179633,0.8474542333509084
-0.8497842929696966,1.335099798582941,0.47286941331204013,-1.0155759488857021
-0.5557667389662176,0.19107062766933636,0.16866172236636667,-0.5892849769061452
-0.6190349420211622,1.247718649353146,-1.7853634448819582,3.809105956518005
-0.9901267946742812,0.9035353574744582,0.8598253572573353,-1.430158530066041
0.13146615719829807,1.1732169263509482,-0.008679340721927442,0.13184782911580695
0.4513039230446268,0.33602841548972684,-1.892370309369675,2.673366662988561
-0.8277362890536172,1.4737474898883642,0.4388826898199035,-0.9750613050610132
0.9130252022439359,1.725594155086457,-0.5920968496475909,1.15064004161072
-0.2702039382741707,0.4334796001815513,-1.9628031116179092,3.4151974959789784
-0.8889463012083941,0.19142911104032345,-1.4580114338833858,4.236632066759852
0.1836137254693705,0.04727717209267279,1.982998473965885,-3.3262540787110573
-0.7700381808904708,1.283943000886532,-1.6379978056160494,4.020493647959001
-0.07423383799772572,1.2141880721775615,0.002759137772560316,-0.07430218723313349
-0.7598612744997223,1.09339482542814,1.6500852586512462,-2.2784929610522973
-0.3756855707915649,0.46389419223195083,0.07325281122680705,-0.38513642398914244
-0.9823447332764521,0.7818119918110293,-1.1870797290034816,4.524200436001932
-0.06951671216479341,1.188952670372346,0.0024192129307034627,-0.0695728250444737
-0.9990678142903268,0.9935337177183388,1.0431683037557562,-1.6139780491795384
0.9512529729386247,1.9755710404297746,-0.6915882922529881,1.2572734317120837
-0.6384808604756298,0.27287950511346626,1.7696377010037252,-2.4490698451486503
0.7550965043483184,1.3902891080951876,1.6556136584307484,-3.9973939575955377
0.34865302412395355,0.8086375362085843,1.9372518705071875,-3.4977262177311164
0.3560081948075104,0.8563992298512295,1.9344828330311359,-3.505585379407251
0.13869857690270765,1.4351955313163525,1.9903346428178526,-3.280739822388512
0.25938084349426865,1.3848723026487393,1.965775117730935,-3.4039737032426034
0.9706004896756246,1.9825119874043766,-0.7593037402836562,1.3277131900503476
-0.14289229374613355,0.25678857890825046,1.9897382443797798,-2.9982095694367548
-0.9932511849818033,0.20821929876833267,0.8840168825550735,-1.454551586754919
-0.5630320023744833,1.4486776342574823,-1.8264350938229692,3.739642660770907
-0.24294994674684617,1.1567738340128182,0.029961174294706572,-0.24540575898506542
0.9999647357088152,0.5483213331196117,-1.0083980556558862,1.5791944811693355
-0.05325499263173011,0.1588387379779732,1.9985809460228021,-3.0883124560809505
-0.2391447810537993,0.17131649919286107,1.970983920409978,-2.9001076738187606
0.9267317060266106,1.7883817493282366,1.3757237616188358,-4.327211346509238
-0.021377503868971283,0.3837346494374858,1.99977147505234,-3.1202135211409683
-0.8698290757773427,0.6467431242310415,1.49335319896838,-2.0867368929930166
-0.0973338371977308,0.45331280445397604,1.9952517893158324,-3.0441044693480914
0.6704348003052922,0.7099926116638746,1.7419684484798548,-3.87638729516679
0.42034910023884814,0.13884768549218673,1.9073624600612429,-3.5754226811575314
-0.3612904031478662,1.0381195818165407,0.06754665285964456,-0.3696514026393896
-0.3652051404353845,0.1352251271844298,1.9309270677123807,-2.7677394985901813
-0.9577937771428905,1.6007130156447231,0.7125437764348197,-1.279226422206264
0.03220145131334034,0.46742416382086605,-0.0005186012069486878,0.032207019038834654
0.9750982584428528,1.0800238292090212,-1.2217732769783487,1.7944289847105048
0.9321434561798275,1.7601581751229165,1.3620891839051892,-4.341880791219617
0.3142970834812837,1.3017547380943884,-1.9493246775024649,2.8218765288631134
0.9339939288244983,1.0659155731026706,-0.6427111239921147,1.205432772047727
0.7175202181467881,0.6486675062307512,1.6965376777681058,-3.941828257979122
-0.37027303463293976,0.6660038261163959,-1.9289229676478636,3.5208955830961024
-0.7345723938649514,1.3389739103963803,-1.6785303222196593,3.9666289248283357
0.8388406957856984,1.988278722442335,1.544376971494722,-4.136742770455813
-0.8617525299126867,1.3236783796987572,1.5073288649279517,-2.102878624297265
0.25293584975816,1.1155668347400498,-1.9674830519999396,2.885879073353023
0.7186091358679751,1.4613010204784922,-1.6954142002052317,2.3397924584753333
-0.16748029808400872,0.9304112245674363,1.985875423039692,-2.9733193438560046
-0.39151234338522395,0.12028468520157043,1.9201728560314146,-2.7393180916988795
-0.9393642581152376,1.1245936317558196,0.6570790315894794,-1.2207716709165848
-0.14535070044091292,1.9152505690107604,0.010619803169006237,-0.1458674280701635
0.8977015865446258,0.3506058847153193,-0.5593960264418152,1.1145249644745516
-0.9442996299294603,1.3800097816413315,0.6709130678451596,-1.2354598407402801
-0.34581007000063363,0.40186737731811295,0.06169546761930389,-0.3531019816822763
0.7237588129884969,1.0716553689461625,-1.6900530273982441,2.332358643653951
0.9408279651419912,0.19335289929343924,1.3388845526234268,-4.366657938250951
-0.7231594450964862,0.9007418725163703,1.6906811253883678,-2.3332268308471966
0.9047618223901743,1.5123266577904921,-1.4259178849792653,2.010772474984004
-0.5506510960448525,0.6951430484779642,-1.8347355092630255,3.7247366937796778
0.10983525343673617,1.329823448974436,-0.006050193871698584,0.11005729908989026
0.2980627092202705,1.5908999215794584,-0.04545370915168678,0.3026624681720392
0.5317994004742542,1.8543556389589053,1.8468703546914509,-3.7023165698982425
-0.47558309254926967,0.4692841637109071,0.12032919675524478,-0.4956267661713293
0.3025915429398399,0.7986318316186163,-0.04687967278979566,0.3074104940258447
-0.6551901797427856,0.30483202666083486,1.755463982178248,-2.427158321591438
-0.8230505788144798,1.9849670043167504,1.567968084238146,-2.1748313112466238
-0.9154277886283466,1.8540019358485906,0.5975177472148427,-1.1565695150089224
0.982161292371791,1.0799142605611192,1.1880404099298163,-4.523222397922931
-0.9943800581357692,1.6840665887528425,1.1058692589088264,-1.6768643589733594
-0.4096352490462239,1.0419159545440844,1.9122493972258015,-2.719538464195046
-0.9984877258504583,1.2471713760055194,1.0549750973257894,-1.625799153367952
0.4278067107609579,0.17824886423203323,1.903870244132359,-3.5836574798798537
-0.5133125733788937,1.5105408409936159,-1.8582017257097179,3.680632908596558
0.7720676288650278,0.25542696727046965,-0.3644596185459702,0.8820880935505295
0.9931395561881108,1.6521352605050568,-1.1169351184823546,1.6879995901956693
0.40430418516468447,1.5640561753407718,-1.9146245819232721,2.725374716514825
-0.014681401735929245,1.4174893954859529,0.00010777758646995927,-0.014681929200683898
0.6828026796007112,0.07232076104952423,1.730602833781863,-3.8931845648746135
0.34263563164996397,0.6062567118906572,-0.060531626969896224,0.34972091753181644
0.7300931501945824,0.5262251398216857,-0.316652363698424,0.8184582552117542
0.736837176608893,0.7202728149430382,-1.6760702442550146,2.3132125469952984
-0.6004738896417939,0.17528549352767708,0.20035563663685174,-0.6440936025234963
0.36010486841433803,1.8739156460621256,1.932911830637972,-3.5099729543687763
-0.8928924288436554,1.1076044814247525,1.4502700417679126,-2.0378640776155037
-0.9609510811488635,0.6110486213160471,0.7232816962345454,-1.2904189553412981
0.9809392539091292,0.7939630341485668,-0.8056853578852048,1.375237600198342
0.6186865748345484,0.8944050810096713,-0.21436209223364566,0.6670698059441812
-0.977074447570133,1.2011886667212346,0.7871020810211626,-1.3562564062405338
-0.9919348305956055,1.0313588553929955,-1.1267489323476432,4.585298194402307
0.8397942798357462,1.8387839464288347,-0.4570952500160268,0.9969041862791523
-0.6170697652258007,0.9939269658116605,1.7869084475618338,-2.4765791419272616
0.5741119439862103,1.9843160296466253,1.8187768168264014,-3.7531117756392955
0.12976590092149953,1.7028499154901915,1.991544659084013,-3.2717255342980183
-0.6796611954054222,0.4170210287146716,1.7335261818504315,-2.3942920026254764
0.05638014912236115,1.8611904292878325,1.9984093743474869,-3.1980027149818713
-0.1864587567793828,0.23273279577095218,1.9824627891275513,-2.954036203899612
-0.8984218151868998,1.6348994169823832,1.439133512722812,-2.0254303177570914
-0.06316922626856403,0.7612465869531602,1.9980028300824757,-3.0783813404713345
-0.5628529575744801,1.755948640890139,-1.8265570447039094,3.739426029614436
0.7274588017901423,1.7361133802149007,1.6861513620900643,-3.9562037425628684
0.22896509735936746,1.6118508002352423,-0.026565367273582496,0.23101440420956865
-0.7476325187378023,1.5800608726141228,0.3358873462086649,-0.8444900102028439
-0.9862407805416282,0.6093582781960816,-1.1653152225194034,4.546311357386649
0.4924082605270584,0.16183856610250436,1.870364351846235,-3.656447204482433
-0.8207303994816986,0.8059603575303229,0.4286843154904537,-0.962688298929685
-0.9588892725286752,0.34704902997301734,-1.2837804838769364,4.424654592766548
-0.2986052088034732,1.3899021778049234,-1.9543767229325295,3.444823504629744
0.15265952794004553,0.6921994530755711,-1.9882788414861072,2.9883338662582783
-0.7577646261552623,1.9512204017198298,1.6525279851069803,-2.2817121000314238
-0.039770748823746836,1.281944154690664,1.9992088307946436,-3.1018114129817462
0.9998264931035643,1.644961127268722,-1.0186274981741563,1.5894249023769607
-0.7865367613697034,0.26504934548369685,-1.6175434584011543,4.046773359213224
0.5098218235389419,1.7240289645452451,-0.13971998265481722,0.5349776630671956
0.624845552474845,1.8455143810267887,-0.219251618283838,0.6749336974273334
-0.8762117394412371,0.9741238376378718,1.4819263301225216,-2.0736481889790577
0.5660295556854598,1.2125058755019549,-1.82438494775834,2.5399110573304617
-0.19087108742015463,1.5296196018059909,1.9816151119390164,-2.949543181280054
-0.9958634723675635,0.3496772545208251,1.0908622275977167,-1.661784046763312
-0.6463147569426222,1.0051321529268848,0.23692907606291325,-0.7027450100044699
0.07166464429249217,0.7973260555446262,-0.0025712161971509495,0.07172612929836075
-0.6547573763361547,0.2927479843244982,1.7558391218595362,-2.4277310768430387
0.4692883952293918,0.7350688445830629,1.883044960408598,-3.6300774054979086
0.8637020301890849,0.13634461877098714,-0.49599721920682505,1.0425693380232721
-0.9125524463224485,0.05162381389897397,1.4089596957047414,-1.992110103401254
0.6930073359739201,0.2703325783096455,-0.27906946778047315,0.765652198835939
0.11570229078045383,1.9262302231783477,1.99328393720434,-3.257554663503869
-0.17681582064535056,1.099059071790034,0.015756043671330877,-0.1777503523810715
0.30234150203909954,1.93164432230644,-0.046800327242638384,0.30714816566616665
0.883072845943949,0.864995756660264,1.4692359201472693,-4.22396365269156
-0.9995248570273452,0.6236322661705191,0.9691769536796709,-1.539968397761942
0.29930849464012216,1.0122837256804882,1.9541563944324136,-3.4455604955663093
0.8268599373919857,0.8790233772658202,1.562407898180779,-4.115093955408538
-0.9955266227977297,0.21132936852348783,-1.0944814442149713,4.617766399882199
-0.9946507992604628,1.2816526293804125,1.1032946636110619,-1.6742755666976514
0.21929791016619668,0.4320763650191992,-1.9756579454894725,2.920497847896387
-0.7373475330306982,1.2391759097956592,1.6755135938924868,-2.3124573494512837
0.9902401879358331,1.3004021847963068,-1.1393713392229763,1.7106228562357353
0.6357678217287331,0.3040497062572962,-1.7718803513850458,2.4525897986664997
0.7841801966865404,0.12269925422133632,-0.37946682673312393,0.9013738946765502
-0.2646954669144413,1.5615231721368796,0.03566794629912573,-0.2678881117135317
-0.7385248474584837,0.9196008475386404,0.3257737399904811,-0.8308798093863992
-0.989300707125384,0.11632759101095158,0.8541092501862603,-1.4243830306584502
-0.7874273366221646,1.9897326343395343,-1.6164074866029163,4.048216812215041
0.025575356713062488,0.11556112199273327,-1.9996728970663353,3.1160145079204136
-0.9461674826187754,1.3900704577171064,-1.3236774549375496,4.382775378814419
0.3887943210443701,1.9673578505268272,1.9213245768585832,-3.5409152478933015
0.8224575238603804,0.47836020843185123,-1.5688265301877644,2.1758746921577776
-0.835844219388682,0.28449873737439235,-1.5489667029196987,4.131261476760499
-0.13685424741991573,0.2427698788448578,1.9905911946727208,-3.004307572623917
0.8099599194315766,0.6065502951351911,1.5864852333302126,-4.085676425232857
0.7637380019885233,0.20209162202129338,-1.6455263467269003,2.2725085813153516
0.6456640391480877,1.3843226833882638,-0.23637839963043428,0.7018925557679172
-0.07998214532247931,0.12458359626012538,-1.9967962963562886,3.2216603215481188
0.25076721451625034,1.0188442562995794,1.9680474183239998,-3.3950653656328793
0.35111700896729686,1.9933937077059536,-1.9363315897767517,2.7828288533527124
-0.3235665561232779,1.6279405390120376,1.9462054130887867,-2.812096258109713
0.028371595671989353,1.2304388764620218,1.9995974452543508,-3.169968056915065
0.02262572386232891,0.6125072415732233,1.9997440055432718,-3.1642203083364713
0.17587619173065464,1.247791672583277,-1.9844122943067717,2.9647968902519235
0.9999041013348214,1.0540829278233033,-0.9861512407124976,1.556947124797902
0.21567837955965144,0.852166767780743,-0.02353554258717494,0.21738650701977996
-0.9712654339832741,0.26142075348039895,0.7620011412857572,-1.3304913419652966
-0.40176065951237094,1.7732084304809335,-1.9157447092220543,3.5550313438456738
-0.8487838723599677,0.899569297642645,0.4712600468835194,-1.013680981136064
0.15706023430017035,0.38924502364153013,-1.9875890252537114,2.983879419523659
-0.5426929632893465,0.7355187017545792,0.16006884353762185,-0.5736399722876186
-0.9167118075901178,0.8282595050578541,0.6004509268877493,-1.159771429506032
-0.3445268520225272,1.6550757911337486,0.0612235365991286,-0.35173473351228285
-0.9549891549344233,1.467228761122804,1.296640715272931,-1.871969434098956
0.7228578259650185,1.5386097872826796,-1.6909967897473384,2.333663429164898
0.025636263655095103,0.022062528857294428,-0.00032866301678602383,0.02563907258829289
-0.5792079792179431,0.832307996359523,1.8151798064293956,-2.5238358889541073
-0.5845367401700623,0.9626883032706472,-1.8113672407679258,3.7659016318819822
-0.8886071498797308,0.03838455364611337,0.5413309110234026,-1.0942994578536078
0.3990458740932582,0.5196264174900684,-0.08306903729389337,0.41047604555556944
-0.6360100717401982,1.52057964624427,-1.7716807556528982,3.8309093930860674
0.9211074057306943,0.2742194114579981,-0.6106914499936198,1.170915525780349
0.4520464494070087,1.0706202629051833,1.8919943988492958,-3.610650902659378
-0.8434790851266347,0.430403744034475,-1.5371620174155423,4.145320105070674
0.933344727068963,0.024241549287786546,-0.6410186349508336,1.2036200440002653
-0.9998902094846782,0.48240291519908296,0.9851821399424121,-1.5559779244266618
0.2553289991078982,1.9517475098201076,1.96685423007533,-3.3997806193961257
0.362054079758791,1.6030742237659792,-1.9321570915516413,2.771122123745731
0.9051188001873138,1.9191532886420668,-0.5748412560613655,1.131659063763895
0.3101619342327647,0.9757080878527249,-0.04931625944639706,0.3153633622017122
-0.540269618742676,0.219472397355007,-1.8414919720732001,3.712350135649188
0.40924643698810803,1.095918977947386,-1.912423889325865,2.719964635888463
0.14082459742329909,0.9087546691199218,1.9900345613970079,-3.28288691667711
-0.979328561167805,1.688714165479232,1.2022759730689656,-1.7744777059397485
-0.6969665723583359,0.19616516156848918,1.7171036166517866,-2.370434011970772
0.7462781721193131,0.9764822740435564,-1.6656342012083338,2.2991396418503647
0.9504749759838532,0.3000973293879685,1.3108010939950077,-4.396353228515979
0.6120852018502925,0.64935185378012,-0.20920817804185232,0.6586947616603012
0.6193996872866395,1.4747141547755993,-1.7850758099630972,2.4736148369813566
-0.3980037727958096,0.9520362587375331,-1.9173837783830177,3.550932469727378
-0.9966027696350104,0.7517765702915387,0.917641518009215,-1.4883444543055562
0.11356833125496116,0.7889525571400706,-1.9935301878332452,3.0277787648089607
0.5039075820542928,0.9188935368119733,1.863757575218994,-3.669709424167617
-0.12332847471943524,1.5700330876741138,-1.992365903950442,3.2652359235975306
0.36091048157381483,1.7841693778804688,1.9326004633765508,-3.5108366453902526
-0.823778682422069,1.9106693730078566,0.4330884704056902,-0.9680444802175595
0.333156958946546,1.5738067725105902,-1.9428713807861016,2.8019428112380083
0.15720306520538452,0.6308137914960255,1.987566299693358,-3.299450515172722
-0.5562340241418545,1.3762694121730843,1.8310256977897608,-2.55174548312046
0.8658823654051323,0.8752062481107838,-1.500247667941004,2.0946811083153603
0.8761407367765692,0.5093412440921024,-1.4820554007171898,2.0737955002034676
0.9712163278868823,1.6817431588518452,-0.761800830299684,1.3302850996321174
0.9671251665594188,0.07685269792464999,-1.2543008301351304,1.827921024939028
0.3918747048346016,1.803523984270847,-0.07998140469293014,0.40266839204856436
-0.7189940758524775,0.9229549292494683,1.695016200450782,-2.3392387594559705
-0.9932197650883907,1.2744029536165609,0.883748125874195,-1.454280999682675
-0.14025784806010785,1.3187078444115654,1.9901150115302504,-3.000870821348574
-0.6502877846864529,1.7902354814130728,-1.75968796034134,3.849555848521062
0.707496279786525,1.2733393643344146,-0.2932829320808594,0.7859491494207355
-0.8042743661597719,1.2278671695201235,0.40574185412541697,-0.9344533821275551
-0.35048309220752405,0.13330408112137992,0.06343094110650216,-0.35808686445192256
-0.8790918188044928,1.0368160438904082,-1.4766524668047032,4.215546161392763
0.125164270952855,0.3003380016340833,1.9921360316392307,-3.2670860560431962
0.7261441292211441,1.4748675374429712,-0.31245748960688524,0.8126970203527564
0.05547100382747741,1.024443841625349,-0.0015397014731272085,0.05549949096836299
0.867637807839545,1.3604555584167066,-0.5028032236554738,1.0504314217588704
0.9854687372742549,0.08334580120476853,1.1698569040548117,-4.54170451904455
-0.3575027581165593,0.16958403209160644,-1.9339120825533058,3.50718521569219
-0.8022330228508856,1.4326467761253645,-1.5970110359512044,4.072618865197067
0.5760317613847398,0.14416867199734673,-0.1825726883226899,0.6138657932063223
0.9603353324664385,0.1425134555305172,-1.2788477168932444,1.853390350842075
-0.7448901653911955,0.0242169504697749,-1.6671871113139682,3.9819628561584777
0.9277785489316669,1.9130027965989602,-1.3731312961173996,1.9531781132968642
0.1327566337575091,1.475016718918014,1.9911486650313235,-3.2747423705695047
0.6586331804563862,0.7065028170041283,-0.24753582570204358,0.7190008555634174
0.8445721576392198,0.5930711625753105,-0.46455824729422446,1.0057656172316223
-0.6556563612749612,0.6994064594916991,0.2449405745772869,-0.71505157700764
0.7914381509540552,1.5493070623623637,-1.611249256207667,2.22843442086685
-0.8147048439403026,1.3227412221408288,-1.5798758636641184,4.093812667680199
-0.76387484633402,0.3703911357349359,-1.6453644080193588,4.010888741241184
-0.44692771366923706,0.3482186706681687,0.10542992518507055,-0.46332800892790466
0.4825404587335328,0.19679129942679463,1.8758736813520724,-3.6451455416241467
-0.9898116670920217,1.3206054394026763,-1.142382806857123,4.5695206464532125
-0.05242252218044688,1.5287453244434719,-1.9986249942637329,3.194039216082556
0.38561864953812314,0.530092856650008,1.9226582558718013,-3.537470890049721
-0.7343772014924127,0.041889922061825624,-1.678741575217087,3.966341300260905
-0.3378187398182843,0.1643433349528547,-1.941211187262235,3.4861910809319174
0.17661321347560066,1.935720069690061,-0.015719667561206463,0.17754450562551904
0.7580061150450146,0.5908895549548405,-0.34775255496524615,0.8602507151684308
-0.8145059430218281,1.5384462956762672,0.4198447890588911,-0.9518770906620948
0.8697423700939328,1.2493271377085275,1.4935060381225223,-4.196272693719196
-0.9998457055939405,0.7638792793057918,0.9824339815167099,-1.5532294048097146
0.2833314608236308,0.4113745243911102,-1.959022045266712,2.8543265076895405
0.9990472374039612,0.24277283631881286,1.0436419229126448,-4.6687331920571316
-0.9999987785318479,1.2300259360777333,0.998437010936635,-1.5692333370951508
-0.8190409637501846,1.549267561275576,0.42626495688413046,-0.9597374523604311
0.3451937852861736,1.2878085070822614,-0.06146856706884718,0.3524452543990182
-0.7280364325458719,1.0606042664983166,-1.6855384401227111,3.9570459602722274
-0.9924889599844672,0.08390244686327253,0.8776657680411949,-1.4481548858836224
-0.9917726177755655,1.9369775551887676,0.8719879902876211,-1.442432089734754
0.7853096483269346,1.5974283833091492,-1.6191031870735493,2.2383965288399765
-0.4352674274272713,0.5856440734019295,0.09969879116995228,-0.45033529762192526
-0.5193193273084218,1.9599406587177013,1.854580269070102,-2.595538395257439
-0.43338638296362125,1.2037631792726442,0.09879178706488179,-0.4482470001561189
0.2408583939608047,1.164845316414493,1.9705602681228105,-3.3848428390895084
-0.09148376433017118,1.4961463588590642,1.9958065679960049,-3.0499807973943103
-0.015382772777162015,1.6235395761802751,0.00011832184918691979,-0.015383379511918309
-0.6918944317606349,1.3129572146630053,0.2780013190464763,-0.764109636688821
-0.6948690935610878,0.25619149273240005,-1.7191362477400176,3.9098305055021436
-0.962726189481968,0.6765350119889968,0.7295221190456973,-1.2969069468729642
0.688578743680705,1.8561672806520995,-0.2748384223146527,0.7595273075952668
0.9478947900830759,0.44923122368770385,-0.6814164678873664,1.2465615457808457
0.9923943570134284,0.7443340476750266,1.1230993101845173,-4.588976634522711
0.999565115735358,0.864153765888392,-0.9705113682080655,1.541303419545237
-0.1069481959882462,0.8788099793889044,1.994264594247859,-3.0344395236063892
-0.9334425754113791,1.225879164989051,-1.3587268576638385,4.3454853664510615
0.1688700350608069,1.8861516754894152,1.9856383268007396,-3.3112757802692925
-0.7205870926551187,0.4813854236650099,0.3066355634308583,-0.8046486770789202
0.6935424050480303,0.24300275260183613,1.7204158052126521,-3.9079873097181053
-0.9995661008326306,0.39494097971987463,-1.0294552213750188,4.682929498071458
0.02068600941428872,1.773849800418539,-0.00021397838611891817,0.020687484993556222
0.7826940839605455,1.291621625310412,-0.3775934038482862,0.8989826090255542
0.8067407184948497,0.5718135784783203,1.5909055873169704,-4.080208074608192
0.7073701701910771,1.6318938779372345,-1.7068432940361298,2.355821932481718
-0.39633114840586314,1.722739992726872,1.9181076302935782,-2.734075372735188
-0.572851592198277,1.693028677380556,-1.8196591079930113,3.751573294310554
-0.35470565698533885,1.837853067279109,1.9349780194756447,-2.7789934178897147
-0.22446413116633654,0.5044820403467232,1.9744823517230785,-2.9151995532844173
0.9412537190618692,1.5100838574925566,1.3377002166895955,-4.367916476376524
-0.26023235381959886,0.92107899454828,0.03445397726182353,-0.26326284010424045
0.5737796057042202,1.683997105780123,-0.1809902539786784,0.6111132837248175
0.8142911714612903,1.4569813543232264,1.580456620325929,-4.0930996436682126
0.5182522238389595,1.5528948929994493,-1.8552278249016299,2.596786609410449
-0.42615872888090334,1.312323675362143,0.0953515943756863,-0.4402423607886458
0.22785374222617122,0.35485753893941374,-0.02630463072194411,0.22987287281580573
-0.5297433646723236,1.0900538377938767,0.15184201496086502,-0.5582979571131058
-0.8047689465783537,1.9693394790490164,0.40641180720707826,-0.9352861167564402
0.5329616212020953,1.8747761329942378,-0.15386058458098395,0.5620968800866759
0.10748344115771893,0.08634747159402334,1.9942068747885902,-3.2492841319124923
-0.14334045610165072,0.32962963145887425,1.9896734378796728,-2.997756745648883
-0.2649542668865511,0.2634575469091238,-1.964260979433789,3.409749147451461
-0.8737921656605623,1.451959819970591,-1.4862995488690323,4.204539175475508
-0.9298597890475366,1.6355706597138902,0.6320859166701134,-1.1940315637613885
-0.8310050861447058,0.4270227326213438,1.5562648171524334,-2.1606805519456147
0.9772672108959091,1.011705385903658,-0.7879886830668446,1.357163721479933
-0.7579470559135024,1.6814060560224,0.3476839259744905,-0.8601601728060101
0.9715134274556887,1.4656030895325012,1.2369845148386287,-4.473128215052818
0.09893067668493179,1.0844744109836966,1.9950943277954414,-3.240685422210924
0.8939587519871335,1.1806953809175458,-1.4481492494087287,2.035490302579193
0.9973386182786534,1.01672109383256,-0.9270912865973733,1.4978228651533876
0.9675689607368373,0.5950969026376411,1.25260701933762,-4.457015267412686
-0.4979575969357812,1.1300439857180322,1.8672013789506692,-2.620350640694696
-0.5704324907598672,1.3777706041001814,1.8213444913588293,-2.534560330212167
0.9987872366776281,1.7466458317216154,-1.0492347016835435,1.6200509414854773
0.9827947929227336,1.2725827079584962,1.1847008256721154,-4.526621538562446
0.5560253255085621,1.522243074086316,1.8311653490089066,-3.731188711369526
0.3097690661168708,0.320143269909146,-1.950811824535792,2.826642511505463
-0.11171379027414399,0.9231149488395798,1.9937404233815714,-3.029645184441989
0.9914058574882526,0.018663239654186592,-0.8691778851341156,1.4395981508756512
-0.6241346575194602,0.49335772904324604,1.7813167918860224,-2.467569154940743
0.5920363582239468,1.4529234302260097,1.8059112547550917,-3.775175933518202
-0.6601718863670885,1.983619902698727,1.7511145588061252,-2.4205450739810326
0.8658146377211317,0.1983561991744318,-1.5003648799704328,2.094816480761046
-0.20921055507935543,0.8029886317225765,-1.9778706170262956,3.3523602333316305
0.02933954089072076,1.600141937398319,-1.99956950300633,3.112248901779232
-0.8243326847286536,0.4080712692577977,0.43389433416715373,-0.9690224040560846
0.9999106394069572,1.1101698986045725,-1.0133683656731118,1.5841650906839373
-0.35333638276125057,1.4661425920593496,1.9354963391789384,-2.7804575106458205
-0.9291311152816649,1.231970900520358,1.3697504166535168,-1.949536712971125
-0.5595016713780356,0.37604946923083227,-1.828829222292014,3.735377087461342
0.9925013349748532,0.7107691373714788,1.1222337926808066,-4.589848738233095
0.6924629881154837,1.5675835689707944,1.7214534011910785,-3.9064900633297306
-0.37878717622492336,1.1084530282640332,1.9254838059780133,-2.7531071845375314
0.9688975434796353,0.010459227085825473,1.2474622198217906,-4.462328850064074
-0.13874333428488356,1.5219815200561877,1.9903283734153603,-3.0024002904477647
0.7051596444213807,0.07062270988047814,-0.290951429111156,0.7826482736550415
-0.6746985168266594,1.4914675654624643,0.2619065700116916,-0.7405561638333747
-0.5305514843905978,0.4049611203304748,-1.8476527133271816,3.700843688375874
0.1491984194510599,1.9161469602387604,-1.9888072772958871,2.9918350844605914
-0.9968049029475242,0.735881502604169,0.9201251888279116,-1.4908363374939924
-0.7670381142668966,0.6538632326761582,1.6416015362059877,-2.267380722474322
-0.9060575762685514,0.29777610066488935,0.5768455737129079,-1.133872340018381
0.7519464625416703,0.6112084309804298,-0.34077582153635444,0.8510097841824981
-0.8166855323213985,1.7533015236564011,1.5770829587649544,-2.1859486862736466
0.9207802039105802,1.9926686752544946,-0.6099181930845913,1.170075890550107
-0.7537665245087312,0.7366190610136967,0.3428576816776837,-0.8537750639305083
0.47109621322106143,0.8972212619090851,-0.11791816825830936,0.4905331230139214
-0.566286475969951,1.444141876405474,0.1757915147649024,-0.6019932804833124
-0.9336524002177584,1.772391560930149,1.3581803952865354,-1.9371145796528084
-0.8842941648634081,1.1860886683735683,-1.4669302196137317,4.22657284389108
0.6108760096633238,0.7830513963556587,-1.7917262789738728,2.4844260791280233
0.2476566003916444,0.8252436816972475,1.9688478767497266,-3.3918534094076214
-0.3251177169484317,1.3912362929936137,-1.9456735536781387,3.4727288584919513
-0.11818131922528889,0.006436527208557363,0.007007967914057001,-0.11845816573126343
-0.5454906969413837,1.2391786749196814,-1.8381168770227716,3.7185671324039125
0.3103141192428295,0.7109860208827148,-1.9506340764976537,2.8260692076731178
-0.6479166211488181,1.5883946625541685,0.23828873446751564,-0.7048461148415462
0.977660778403373,0.18598127964626432,1.2101889682445557,-4.500620738535515
-0.8200097928652533,1.176404533896781,1.5723494907878266,-2.1801645250957358
0.38240084319065804,0.9619457797722475,-0.07600346584682816,0.3923932287496799
0.9514775992896132,1.2846510518104548,-0.692281982896558,1.2580025844602032
-0.7576714985665438,0.1297071889659367,1.6526361162699532,-2.2818548063600184
0.2545634658660594,1.1599675748562626,1.967056069649666,-3.398988924763792
-0.01504989240201085,1.1229691759190474,-1.9998867439558783,3.156643114181304
-0.9892140657605982,1.1213201888323419,-1.1464770702239326,4.565382996843464
0.23976546682630212,1.2069753331929096,-0.029169159473409922,0.24212426397450093
-0.04722525133069054,1.3529358744527245,1.9988842653865126,-3.0943498308009723
-0.8391071471561911,1.6099779993615395,1.543966171366748,-2.14595289084891
0.9850162637155386,0.5396414402564287,1.1724614745845587,-4.539060937376487
-0.6911518306726205,1.6500988203601241,-1.7227095868728222,3.9046742612444474
0.4448605202670408,0.9965113645269073,1.8955998646202095,-3.602611169504959
0.6602494072272516,0.15411655826866233,-0.24895358315476734,0.7211507920624868
-0.8479539219528364,0.1171018584879584,1.530069944672213,-2.129479376418122
0.48871445431527694,0.6684766373921216,-0.12755620115487032,0.5106156440693578
0.9896939426434932,1.569793954222935,-0.8568011875231569,1.4271035389497904
0.033842905648865294,1.4153618694818315,-1.9994271647985369,3.107743284323977
-0.36597318996595607,1.5772299293448129,1.9306253941442508,-2.76691432766137
0.9946348797052013,1.0345381128832187,1.103447842286922,-4.608755736783847
0.2770087731025221,0.8803979959109811,1.9608673891980284,-3.422272310966165
-0.587927383686299,0.2949050534125679,-1.8089137107947815,3.7700868795869207
-0.3729981770880338,0.6563855072186231,-1.9278320752641633,3.5238309627615476
0.7944472183918614,0.8680387323477505,-0.39266679887442824,0.9180968584248974
0.8118706595372236,0.17720085935923446,-0.4161626663336837,0.947349090900828
0.9998820019778223,0.4412239054224225,-0.9846382904329563,1.5554340129822175
-0.0819470399263929,1.1964505881274776,1.996636685381038,-3.0595536186624557
-0.6919220725070253,1.4713262284783797,-1.7219721916927153,3.905740574633113
-0.6929479058205811,1.9966950227858993,0.2790123441979945,-0.7655697667620542
-0.8918385461176431,1.8662266626871153,0.5476461477352397,-1.1013934234172098
0.17735202961496505,1.285130399070383,-0.01585252243809898,0.17829517181801768
0.90362240014448,0.842496106588144,1.4283299638796347,-4.269745171816924
0.0036124898428501746,1.2723547294164654,1.9999934749372794,-3.145205151289905
0.7821934551070324,1.571303236160464,-1.623035632036983,2.243413982017488
0.7106609722309827,0.23667238184677464,1.7035346349311555,-3.932029919742895
0.8261193329085679,0.8198097793925765,-0.43650479345898363,0.9721857279056859
-0.675442460431195,1.6796045712712344,1.7374126949318498,-2.400028098765787
-0.8641023986053115,0.767665903866088,0.49668395145341593,-1.0433642569376866
-0.9127958162222584,1.143744542454373,1.408416206690113,-1.991514612656041
-0.977917425133326,1.1755387217243964,0.7910083503567529,-1.3602526009988607
0.880603186038942,0.3689525062672787,-1.4738544383437433,2.064459019577256
-0.9423248688877458,0.7244708833045768,1.3346996287355166,-1.9120827833134029
0.5857855618664226,0.6690225774838643,-0.1895339146461219,0.6258489903630149
-0.2238078066156329,0.05239341706412959,0.025366701934568914,-0.22571964152321627
0.9996015054014871,0.04838352778271049,-0.9717718155192231,1.5425643921233267
-0.8279434763022331,1.663394087351547,-1.560811554845809,4.117023299796612
0.8132131913273569,0.5461416199456248,-1.5819658971547865,2.191940376077081
-0.43943448207885083,1.0361575324776309,1.8982746439481035,-2.6866236373630987
0.9571230793906025,0.5974511471775461,1.2896815681016838,-4.418494856311399
-0.7839382304066905,1.881358490230681,1.6208388284465032,-2.2406085957654542
0.7808894247339851,0.5185935177315475,-0.37533072243096044,0.89608838581932
0.884825547177483,0.8593136254778702,1.4659224732314036,-4.22771210684369
-0.034240619029205055,1.7454605009692037,0.0005863819176282759,-0.034247313292671756
0.7911716416444787,1.6838671335836173,-0.3884058261742672,0.9127223481300162
-0.9999631765623229,0.37220283569255463,0.9914183032337041,-1.5622145246911905
0.5549520181867721,1.6052866195914208,-1.83188235797523,2.553287367167086
0.5363710913077383,0.9163737734757853,1.8439822583498695,-3.707724113593002
0.7595619759845822,0.9659377441707104,1.6504349349768943,-4.004232071059939
0.8365546877405132,0.26695994483188756,-1.5478834314152714,2.150628360363098
-0.04248055654616675,0.1612030275142493,0.0009027062815514242,-0.04249334365189881
0.9790906080656506,1.4558786139475304,-1.2034246327209033,1.7756507536082622
-0.576335861330934,0.9929223047105995,0.18278706878566198,-0.6142378627720979
-0.68272684978303,0.8737014052303591,1.7306736950139507,-2.3901045280239916
0.13372239119348753,1.4590164573047935,-1.99101883034254,3.0074684908462266
0.31424805201068645,1.5310257979822195,-1.9493409091614502,2.8219281772112277
0.9653083309293792,0.3178163353387071,-1.261112669624314,1.8349710075483792
-0.8382746615227743,1.2204502989552826,1.545248192889145,-2.147481488889179
0.7515469773389039,0.27070816455537106,-0.3403204256210769,0.8504040004932959
-0.9662597266671591,1.5027501720580914,0.7424303189016476,-1.3102901520912877
0.6500540933419177,1.313910312534279,1.7598879362968052,-3.849248274094263
-0.7114048219297366,1.913229242166916,-1.702782455198705,3.9330877887464153
0.2776154595772669,0.13791603271284236,1.960692279870981,-3.4229037630770223
-0.8920198739073146,0.11410944230250863,-1.4519961775882386,4.243387089405424
-0.4872026118009312,0.5643741493864003,0.12671103576516485,-0.5088836010346368
